{
  "hash": "30f9aaf5",
  "configHash": "26b60d13",
  "lockfileHash": "1b4aaa50",
  "browserHash": "7c470810",
  "optimized": {
    "@angular/common": {
      "src": "../../../../../../node_modules/@angular/common/fesm2022/common.mjs",
      "file": "@angular_common.js",
      "fileHash": "e1291146",
      "needsInterop": false
    },
    "@angular/common/http": {
      "src": "../../../../../../node_modules/@angular/common/fesm2022/http.mjs",
      "file": "@angular_common_http.js",
      "fileHash": "fc6ce0c7",
      "needsInterop": false
    },
    "@angular/core": {
      "src": "../../../../../../node_modules/@angular/core/fesm2022/core.mjs",
      "file": "@angular_core.js",
      "fileHash": "830420dd",
      "needsInterop": false
    },
    "@angular/forms": {
      "src": "../../../../../../node_modules/@angular/forms/fesm2022/forms.mjs",
      "file": "@angular_forms.js",
      "fileHash": "379844bd",
      "needsInterop": false
    },
    "@angular/platform-browser": {
      "src": "../../../../../../node_modules/@angular/platform-browser/fesm2022/platform-browser.mjs",
      "file": "@angular_platform-browser.js",
      "fileHash": "0d606b47",
      "needsInterop": false
    },
    "@angular/router": {
      "src": "../../../../../../node_modules/@angular/router/fesm2022/router.mjs",
      "file": "@angular_router.js",
      "fileHash": "995bd540",
      "needsInterop": false
    },
    "rxjs/operators": {
      "src": "../../../../../../node_modules/rxjs/dist/esm5/operators/index.js",
      "file": "rxjs_operators.js",
      "fileHash": "64da01d4",
      "needsInterop": false
    }
  },
  "chunks": {
    "chunk-647542LX": {
      "file": "chunk-647542LX.js"
    },
    "chunk-DLP5CDIE": {
      "file": "chunk-DLP5CDIE.js"
    },
    "chunk-JY6JFNDV": {
      "file": "chunk-JY6JFNDV.js"
    },
    "chunk-CYV4X6AC": {
      "file": "chunk-CYV4X6AC.js"
    },
    "chunk-3IUKNXBZ": {
      "file": "chunk-3IUKNXBZ.js"
    }
  }
}